<?xml version="1.0" encoding="UTF-8"?>
<!DOCTYPE log4j:configuration PUBLIC "-//APACHE//DTD LOG4J 1.2//EN" "log4j.dtd">
<log4j:configuration xmlns:log4j="http://jakarta.apache.org/log4j/">

	<!-- Appenders -->				<!-- ConsoleAppender를 이용해서 로그 메시지를 콘솔로 출력함 -->
	<appender name="console" class="org.apache.log4j.ConsoleAppender">
		<param name="Target" value="System.out" />
		<layout class="org.apache.log4j.PatternLayout">		<!-- PatternLayout의 출력 형식을 지정함 -->
			<param name="ConversionPattern" value="%-5p: %c - %m%n" />
		</layout>
	</appender>
	
	<!-- DailyRollingFileAppender : 로그 메시지를 일별 파일로 출력함 -->
	<appender name="dailyFileAppender" class="org.apache.log4j.DailyRollingFileAppender" >
		<param name="File" value="D:\\log\\output.log" />		<!-- 로그 파일 생성 위치 -->
		<param name="Append" value="true" />
		<layout class="org.apache.log4j.PatternLayout">			<!-- 출력형식 지정 -->
			<param name="DatePattern" value="'.'yyyy-MM-dd" />
			<param name="ConversionPattern" value="[%d{HH:mm:ss}][%-5p](%F:%L)-%m%n" />
		</layout>
	</appender>
	
	<!-- Application Loggers -->
	<logger name="shop.interhouse.orm">
		<level value="info" />
	</logger>
	
	<!-- 3rdparty Loggers -->
	<logger name="org.springframework.core">
		<level value="info" />
	</logger>
	
	<logger name="org.springframework.beans">
		<level value="info" />
	</logger>
	
	<logger name="org.springframework.context">
		<level value="info" />
	</logger>

	<logger name="org.springframework.web">
		<level value="trace" />
	</logger>

	<!-- Root Logger -->
	<root>
		<priority value="debug" />
		<appender-ref ref="console" />
		<appender-ref ref="dailyFileAppender" />
	</root>
	
</log4j:configuration>







