<?xml version="1.0" encoding="UTF-8"?>
<beans xmlns="http://www.springframework.org/schema/beans"
	xmlns:xsi="http://www.w3.org/2001/XMLSchema-instance"
	xmlns:tx="http://www.springframework.org/schema/tx"
	xmlns:context="http://www.springframework.org/schema/context"
	xsi:schemaLocation="http://www.springframework.org/schema/beans https://www.springframework.org/schema/beans/spring-beans.xsd
		http://www.springframework.org/schema/context http://www.springframework.org/schema/context/spring-context-4.3.xsd
		http://www.springframework.org/schema/tx http://www.springframework.org/schema/tx/spring-tx-4.3.xsd">
	
	<!-- Root Context: defines shared resources visible to all other web components -->

	<!-- Root Context: defines shared resources visible to all other web components -->
	<bean id="dataSource" class="org.springframework.jdbc.datasource.DriverManagerDataSource">
		<property name="driverClassName" value="oracle.jdbc.driver.OracleDriver" />
		<property name="url" value="jdbc:oracle:thin:@localhost:1521/XE" />
		<property name="username" value="hm" />
		<property name="password" value="0305" />
	</bean>	
	
	<bean id="sqlSessionFactory" class="org.mybatis.spring.SqlSessionFactoryBean">
		<property name="dataSource"  ref="dataSource" />
		<property name="configLocation" value="classpath:mybatis-config.xml" />
		<property name="mapperLocations" value="classpath:mapper/boardMapper.xml" />
	</bean>
	
	<bean id="sqlSession" class="org.mybatis.spring.SqlSessionTemplate">
		<constructor-arg  ref="sqlSessionFactory" />
	</bean>
		
	<bean id="transactionManager" class="org.springframework.jdbc.datasource.DataSourceTransactionManager">
		<property name="dataSource" ref="dataSource" />
	</bean>
	
	<tx:annotation-driven/>	
	
	<context:component-scan base-package="shop.interhouse.orm" />
		
</beans>





