<?xml version="1.0" encoding="UTF-8"?>
<!DOCTYPE mapper
  PUBLIC "-//mybatis.org//DTD Mapper 3.0//EN"
  "https://mybatis.org/dtd/mybatis-3-mapper.dtd">

<mapper namespace="shop.interhouse.orm.repository.CommentMapper">

	<delete id="deleteAll" parameterType="int">
		delete from t_comment where bno= #{bno};
	</delete>

	<delete id="delete" parameterType="map">
		delete from t_comment where cno = #{cno} and commenter = #{commenter}
	</delete>
	
	<select id="selectAll" parameterType="int" resultType="CommentDto">
		select cno, bno, comment, commenter, reg_date, up_date 
		from t_comment
		where bno = #{bno}
		order by reg_date, cno	
	</select>
	
	<insert id="insert" parameterType="CommentDto">
		insert into t_comment 
			(bno, pcno, comment, commenter, reg_date, up_date)
		values (#{bno}, #{pcno}, #{comment}, #{commenter}, now(), now())	
	</insert>
	
	<update id="update" parameterType="CommentDto">
		update t_comment
		set comment = #{comment}, up_date = now()
		where cno = #{cno} and commenter = #{commenter}	
	</update>

</mapper>  












